<?xml version="1.0" encoding="UTF-8"?>
<project-private xmlns="http://www.netbeans.org/ns/project-private/1">
    <editor-bookmarks xmlns="http://www.netbeans.org/ns/editor-bookmarks/2" lastBookmarkId="0"/>
    <open-files xmlns="http://www.netbeans.org/ns/projectui-open-files/2">
        <group>
            <file>file:/E:/Documentos/PROGRAMACIÓN/DAW/OneDrive%20-%20TuniverS%20Formación/Documentos/RodrigoMedina/ENDES/1EVAL/TEMA4/Actividad/v3.2/endes_t4_tarea_Medina_Suarez_Rodrigo/netbeans_endes_t4_Medina_Suarez_Rodrigo/netbeans_endes_t4_Medina_Suarez_Rodrigo/src/netbeans_endes_t4_medina_suarez_rodrigo/Auto.java</file>
            <file>file:/E:/Documentos/PROGRAMACIÓN/DAW/OneDrive%20-%20TuniverS%20Formación/Documentos/RodrigoMedina/ENDES/1EVAL/TEMA4/Actividad/v3.2/endes_t4_tarea_Medina_Suarez_Rodrigo/netbeans_endes_t4_Medina_Suarez_Rodrigo/netbeans_endes_t4_Medina_Suarez_Rodrigo/src/netbeans_endes_t4_medina_suarez_rodrigo/Concesionario.java</file>
        </group>
    </open-files>
</project-private>
